beta_3y_mthly,change,market_cap,name,one_yr_target_est,pe_ratio,perc_change,price,symbol,volume,volume_3_mth_avg
0.91,+0.73,961.257B,Apple Inc.,193.12,16.82,+0.36%,203.86,AAPL,24.196M,28.307M
1.12,-0.09,108.42B,Texas Instruments Incorporated,109.32,20.65,-0.08%,115.51,TXN,4.196M,5.499M
2.37,-0.99,113.362B,NVIDIA Corporation,183.19,28.10,-0.53%,186.30,NVDA,9.525M,15.613M
1.14,-0.34,113.923B,Accenture plc,183.52,25.99,-0.19%,178.61,ACN,1.279M,1.976M
1.05,+0.65,120.873B,"salesforce.com, inc.",181.63,109.08,+0.42%,155.99,CRM,4.2M,5.305M
1.68,+1.22,124.875B,International Business Machines Corporation,143.72,14.77,+0.88%,140.33,IBM,4.705M,4.254M
0.27,-1.91,126.124B,Broadcom Inc.,312.45,21.04,-0.60%,318.62,AVGO,2.655M,2.694M
1.03,+1.12,132.025B,Adobe Inc.,292.67,50.20,+0.42%,270.57,ADBE,2.029M,2.871M
0.86,+0.66,135.003B,SAP SE,122.47,27.29,+0.59%,112.97,SAP,"481,087","722,966"
1.04,+0.04,186.33B,Oracle Corporation,53.07,19.53,+0.07%,54.52,ORCL,8.021M,14.265M
0.87,+1.01,227.704B,Taiwan Semiconductor Manufacturing Company Limited,42.77,20.36,+2.28%,45.40,TSM,15.957M,7.433M
1.06,+0.09,248.275B,"Cisco Systems, Inc.",55.63,20.58,+0.16%,56.40,CSCO,17.749M,20.34M
1.66,+2.01,11.049B,"Paycom Software, Inc.",178.93,80.85,+1.08%,188.95,PAYC,"700,637","643,741"
2.19,-0.32,46.66M,"Mitcham Industries, Inc.",N/A,,-1.29%,24.57,MINDP,"4,230","2,891"
1.14,+0.12,600.588M,Sohu.com Limited,23.60,,+0.79%,15.31,SOHU,"196,785","306,879"
0.77,+0.06,1.631B,"PROS Holdings, Inc.",41.11,,+0.14%,42.89,PRO,"188,548","256,900"
N/A,+0.46,4.215B,Smartsheet Inc.,51.89,,+1.16%,40.15,SMAR,1.667M,1.33M
0.92,-0.49,4.31B,"j2 Global, Inc.",98.75,34.13,-0.55%,88.40,JCOM,"168,356","350,490"
N/A,-0.53,4.326B,"Pluralsight, Inc.",37.88,,-1.64%,31.80,PS,2.825M,1.722M
1.11,+0.59,4.331B,Science Applications International Corporation,89.67,23.48,+0.81%,73.01,SAIC,"612,672","429,853"
1.17,-3.53,4.379B,CyberArk Software Ltd.,122.35,92.70,-2.91%,117.73,CYBR,1.158M,"964,441"
N/A,-0.04,4.449B,"Anaplan, Inc.",41.82,,-0.11%,35.20,PLAN,1.441M,"829,114"
0.92,+0.61,4.623B,Lumentum Holdings Inc.,67.27,40.34,+1.01%,60.75,LITE,"994,117",1.678M
1.31,+0.03,4.632B,CACI International Inc,202.42,17.89,+0.02%,186.32,CACI,"182,495","175,537"
1.30,+0.37,4.653B,SINA Corporation,80.79,38.30,+0.57%,65.11,SINA,"415,795","794,012"
1.52,-1.94,4.713B,Paylocity Holding Corporation,87.77,93.07,-2.13%,89.07,PCTY,"339,010","296,146"
1.63,-0.05,4.741B,"Nuance Communications, Inc.",20.33,,-0.30%,16.61,NUAN,1.507M,1.962M
1.20,+2.66,4.759B,"Medidata Solutions, Inc.",81.40,92.79,+3.49%,78.87,MDSO,1.206M,"507,217"
0.48,+0.26,4.761B,Jabil Inc.,31.22,29.54,+0.84%,31.14,JBL,"722,843",1.32M
1.21,-0.48,4.763B,InterXion Holding N.V.,74.71,124.38,-0.72%,66.42,INXN,"712,496","574,703"
1.00,+0.36,4.925B,"Littelfuse, Inc.",204.17,30.57,+0.18%,199.32,LFUS,"88,938","157,096"
N/A,-0.09,4.944B,"Pivotal Software, Inc.",24.73,,-0.48%,18.58,PVTL,1.06M,1.879M
N/A,+0.11,4.998B,nVent Electric plc,29.14,21.98,+0.39%,28.14,NVT,"658,810",1.047M
1.50,-0.41,5.004B,"CommScope Holding Company, Inc.",28.96,36.12,-1.55%,26.01,COMM,1.9M,2.104M
2.09,0.00,5.045B,BlackBerry Limited,10.88,60.99,0.00%,9.21,BB,2.726M,4.055M
0.53,+0.19,5.048B,Zynga Inc.,5.46,302.22,+3.62%,5.44,ZNGA,36.298M,13.308M
1.05,-1.34,5.051B,"Alteryx, Inc.",86.60,188.07,-1.63%,80.87,AYX,"685,819",1.097M
1.41,+0.13,5.056B,"Avnet, Inc.",45.13,,+0.28%,46.63,AVT,"412,545","705,875"
0.96,+0.57,5.292B,Teradata Corporation,44.50,179.96,+1.28%,44.99,TDC,"891,576",1.151M
1.09,-0.08,5.334B,"Viasat, Inc.",72.00,,-0.09%,88.20,VSAT,"644,913","480,688"
0.96,+0.18,5.406B,Semiconductor Manufacturing International Corporation,4.48,41.54,+3.45%,5.40,SMI,"123,045","127,519"
N/A,+0.19,5.427B,"Gardner Denver Holdings, Inc.",30.50,20.99,+0.71%,27.08,GDI,1.297M,1.38M
1.63,-0.33,5.447B,"MKS Instruments, Inc.",112.43,14.07,-0.33%,100.46,MKSI,"240,475","621,272"
1.46,+0.26,5.495B,"Entegris, Inc.",42.00,24.03,+0.64%,40.61,ENTG,"683,559",2.052M
1.30,+0.22,5.509B,Pegasystems Inc.,74.20,540.23,+0.31%,70.23,PEGA,"303,380","392,569"
1.02,-1.02,5.511B,"New Relic, Inc.",121.83,,-1.05%,96.09,NEWR,"492,048","801,827"
1.85,-0.31,5.523B,Coupa Software Incorporated,101.25,,-0.34%,90.05,COUP,1.15M,1.54M
2.01,-0.21,5.58B,"Pure Storage, Inc.",25.56,,-0.91%,22.78,PSTG,2.136M,3.338M
1.43,+1.21,5.627B,"Acuity Brands, Inc.",149.11,17.47,+0.86%,142.44,AYI,"302,645","412,998"
1.08,+0.93,5.665B,"Watsco, Inc.",155.71,23.31,+0.62%,151.33,WSO,"426,564","303,887"
N/A,+0.52,5.691B,Bilibili Inc.,21.61,,+3.07%,17.45,BILI,3.116M,5.169M
1.45,+0.15,5.716B,"RealPage, Inc.",68.50,164.79,+0.24%,62.62,RP,"583,234","641,248"
1.18,+6.00,5.759B,"Watsco, Inc.",N/A,23.26,+4.14%,151.00,WSO-B,102,61
N/A,-0.41,5.774B,SolarWinds Corporation,19.93,7.28,-2.15%,18.63,SWI,"151,969","399,675"
0.73,-1.87,5.835B,Grubhub Inc.,101.24,75.38,-2.84%,64.07,GRUB,2.311M,2.791M
1.69,-0.15,5.954B,Cypress Semiconductor Corporation,16.92,17.19,-0.91%,16.33,CY,3.112M,3.909M
0.39,-0.06,5.954B,Ciena Corporation,44.00,37.73,-0.16%,38.18,CIEN,1.691M,2.587M
0.89,-0.07,6.042B,Sabre Corporation,26.57,18.03,-0.32%,21.93,SABR,1.444M,1.978M
N/A,-0.36,6.048B,Elastic N.V.,98.55,,-0.43%,82.52,ESTC,"422,073","676,708"
1.01,+0.24,6.121B,Wix.com Ltd.,120.17,,+0.20%,122.75,WIX,"338,699","757,050"
0.77,+0.39,6.238B,National Instruments Corporation,46.67,40.47,+0.84%,46.94,NATI,"236,003","638,275"
1.15,-0.81,6.305B,"First Solar, Inc.",65.41,44.01,-1.34%,59.85,FSLR,"987,863",1.516M
-0.13,+0.06,6.532B,"Mellanox Technologies, Ltd.",122.86,45.64,+0.05%,119.81,MLNX,"455,234",1.672M
1.73,-2.73,6.589B,"HubSpot, Inc.",179.11,,-1.68%,160.03,HUBS,"433,749","595,688"
1.19,-1.18,6.605B,"Monolithic Power Systems, Inc.",148.50,65.22,-0.76%,153.91,MPWR,"204,813","299,048"
1.60,+0.46,6.778B,"FLIR Systems, Inc.",58.00,24.87,+0.93%,49.98,FLIR,"537,096","921,487"
1.04,+0.03,6.82B,"LG Display Co., Ltd.",7.60,,+0.31%,9.64,LPL,"216,909","369,030"
1.06,-0.03,6.871B,"Cree, Inc.",61.88,,-0.04%,67.17,CREE,"810,498",1.34M
1.65,+1.01,6.877B,Hubbell Incorporated,132.50,19.29,+0.81%,126.17,HUBB,"346,748","344,633"
1.71,-0.05,6.97B,Logitech International S.A.,46.80,28.09,-0.12%,41.58,LOGI,"106,143","233,472"
N/A,-0.20,7.012B,Ceridian HCM Holding Inc.,48.00,,-0.40%,49.90,CDAY,"429,488","700,358"
1.80,-0.24,7.12B,YY Inc.,92.83,21.73,-0.27%,87.79,YY,"668,415",1.222M
1.12,+0.82,7.237B,"Arrow Electronics, Inc.",88.22,10.49,+0.97%,84.96,ARW,"349,804","556,419"
N/A,-8.23,7.354B,StoneCo Ltd.,33.31,141.01,-23.69%,26.51,STNE,32.482M,2.961M
2.08,-0.37,7.381B,Momo Inc.,41.92,17.49,-1.03%,35.67,MOMO,1.934M,3.986M
1.04,-0.04,7.448B,"Zayo Group Holdings, Inc.",34.60,67.32,-0.13%,31.71,ZAYO,5.807M,5.433M
0.46,-0.22,7.515B,Amdocs Limited,70.57,22.67,-0.41%,54.06,DOX,"462,660",1.27M
1.61,+0.13,7.551B,"Aspen Technology, Inc.",109.14,105.78,+0.12%,108.42,AZPN,"294,380","441,179"
0.86,+0.12,7.576B,"CDK Global, Inc.",67.00,21.36,+0.20%,60.75,CDK,"616,481",1.102M
1.38,-0.04,7.76B,"Teradyne, Inc.",40.19,19.07,-0.09%,44.81,TER,1.266M,2.29M
N/A,+0.30,7.788B,"Zscaler, Inc.",59.07,,+0.48%,62.73,ZS,2.056M,2.148M
0.96,+0.74,7.801B,"Nutanix, Inc.",47.32,,+1.76%,42.84,NTNX,4.063M,4.23M
2.20,-0.11,7.897B,Xerox Corporation,37.67,25.04,-0.32%,34.56,XRX,2.566M,3.224M
1.77,-1.26,7.961B,Universal Display Corporation,161.27,136.27,-0.74%,168.98,OLED,"510,845","769,651"
1.62,-0.18,7.979B,ANGI Homeservices Inc.,20.86,105.53,-1.12%,15.83,ANGI,"990,577","835,119"
1.61,+0.02,8.008B,Fair Isaac Corporation,270.00,56.81,+0.01%,275.46,FICO,"273,565","208,253"
0.67,+0.22,8.117B,"Black Knight, Inc.",58.88,48.13,+0.40%,54.87,BKI,"257,982","742,627"
0.64,+2.87,8.124B,NICE Ltd.,123.20,53.06,+2.19%,133.70,NICE,"319,244","163,006"
N/A,-2.73,8.28B,PagSeguro Digital Ltd.,31.31,36.35,-9.74%,25.30,PAGS,13.048M,2.291M
1.39,-0.22,8.314B,LINE Corporation,35.68,,-0.63%,34.58,LN,"46,158","96,708"
0.70,-0.49,8.379B,"Tyler Technologies, Inc.",231.50,59.37,-0.22%,218.48,TYL,"195,098","286,970"
0.98,+0.75,8.413B,Sensata Technologies Holding plc,54.40,14.52,+1.49%,51.25,ST,"809,798","981,454"
1.30,+1.29,8.635B,"RingCentral, Inc.",115.47,,+1.24%,105.50,RNG,"785,068","842,254"
1.49,+0.20,8.839B,"Zendesk, Inc.",86.90,,+0.25%,80.90,ZEN,1.309M,1.893M
N/A,-0.39,8.969B,"DocuSign, Inc.",66.10,,-0.73%,52.79,DOCU,1.903M,2.233M
N/A,+0.10,9.056B,"Dropbox, Inc.",32.38,,+0.47%,21.25,DBX,2.141M,2.794M
1.27,+0.97,9.144B,Teledyne Technologies Incorporated,245.33,28.02,+0.39%,252.43,TDY,"157,046","154,719"
1.97,+1.65,9.287B,"EPAM Systems, Inc.",164.64,40.43,+0.97%,171.42,EPAM,"362,817","329,774"
1.81,+0.03,9.319B,ON Semiconductor Corporation,25.17,15.71,+0.13%,22.62,ON,5.253M,6.774M
1.80,+1.72,9.319B,IPG Photonics Corporation,167.29,23.78,+0.99%,175.48,IPGP,"255,443","443,743"
1.43,+0.15,9.372B,"Leidos Holdings, Inc.",73.11,17.17,+0.23%,65.25,LDOS,1.023M,"921,609"
0.95,+0.12,9.415B,"Qorvo, Inc.",71.57,165.62,+0.16%,76.68,QRVO,"912,616",1.183M
1.14,+1.00,9.597B,"Take-Two Interactive Software, Inc.",122.20,28.46,+1.11%,90.74,TTWO,1.728M,2.925M
2.27,+0.48,9.682B,Cognex Corporation,52.45,45.56,+0.86%,56.50,CGNX,"933,209",1.194M
0.74,-1.05,9.713B,"F5 Networks, Inc.",169.69,20.24,-0.64%,163.40,FFIV,"567,786","663,080"
0.22,+0.12,9.768B,"Juniper Networks, Inc.",25.97,17.51,+0.43%,28.01,JNPR,2.284M,3.559M
0.71,+0.03,10.204B,Open Text Corporation,44.41,39.26,+0.08%,38.08,OTEX,"361,885","472,387"
N/A,+0.12,10.221B,Sea Limited,25.78,,+0.53%,22.97,SE,4.068M,5.016M
0.91,-2.74,10.218B,"Tableau Software, Inc.",136.08,,-2.26%,118.57,DATA,2.262M,1.162M
0.96,+0.12,10.246B,Micro Focus International plc,N/A,18.94,+0.49%,24.77,MFGP,"309,209","557,745"
1.14,-0.26,10.318B,"Okta, Inc.",88.53,,-0.28%,91.94,OKTA,1.87M,2.015M
1.84,+0.13,10.381B,Trimble Inc.,43.88,36.73,+0.32%,41.14,TRMB,"792,202","979,200"
1.23,+0.01,10.467B,"The Ultimate Software Group, Inc.",325.71,160.39,+0.00%,330.41,ULTI,"364,002","685,832"
1.52,+0.09,10.759B,58.com Inc.,76.73,35.76,+0.12%,72.59,WUBA,"649,348","904,461"
1.55,+0.05,1.669B,Lattice Semiconductor Corporation,11.64,,+0.40%,12.66,LSCC,1.509M,2.032M
-0.04,-0.27,1.676B,"Instructure, Inc.",47.25,,-0.58%,46.23,INST,"361,968","384,361"
1.35,-0.10,1.687B,Knowles Corporation,17.25,24.99,-0.54%,18.57,KN,"639,742","930,720"
N/A,0.00,1.716B,"Eventbrite, Inc.",27.00,,0.00%,21.90,EB,"584,041","663,190"
0.45,-0.07,1.768B,"SPS Commerce, Inc.",107.22,74.40,-0.07%,101.18,SPSC,"103,050","153,419"
0.62,-0.72,1.798B,"LivePerson, Inc.",33.42,,-2.50%,28.12,LPSN,"577,512","748,838"
1.07,-1.42,1.799B,"Varonis Systems, Inc.",65.46,,-2.31%,59.99,VRNS,"343,715","479,774"
0.73,-0.10,1.819B,Cision Ltd.,16.80,,-0.81%,12.26,CISN,"885,075","544,462"
1.13,-0.24,1.853B,Sunrun Inc.,18.56,70.74,-1.45%,16.27,RUN,"866,777",1.114M
1.72,-0.24,1.878B,Tower Semiconductor Ltd.,23.02,13.39,-1.34%,17.67,TSEM,"208,189","591,914"
0.85,-0.63,1.881B,Diodes Incorporated,44.00,18.23,-1.67%,37.18,DIOD,"240,605","380,458"
1.11,-4.86,1.887B,Plexus Corp.,69.00,15.36,-7.37%,61.05,PLXS,"354,697","164,262"
0.99,+0.51,1.891B,ESCO Technologies Inc.,80.00,25.43,+0.70%,72.96,ESE,"37,376","93,350"
1.11,-0.31,1.913B,"Bottomline Technologies (de), Inc.",60.22,124.26,-0.66%,46.97,EPAY,"217,247","344,443"
0.45,+0.42,1.927B,"Inovalon Holdings, Inc.",14.17,,+3.44%,12.62,INOV,"709,332","490,551"
1.76,+0.07,1.954B,"MaxLinear, Inc.",22.40,,+0.25%,27.72,MXL,"309,591","547,474"
1.07,-0.65,1.987B,Progress Software Corporation,46.00,34.27,-1.43%,44.65,PRGS,"269,140","512,540"
3.30,0.00,1.992B,"Luxoft Holding, Inc.",51.33,48.19,0.00%,58.79,LXFT,"53,737","367,146"
1.41,-0.16,1.998B,"Itron, Inc.",68.33,,-0.32%,50.12,ITRI,"155,864","297,791"
N/A,+0.33,2.002B,Upwork Inc.,25.29,,+1.79%,18.76,UPWK,"763,430","602,796"
0.44,-0.04,2.034B,"SolarEdge Technologies, Inc.",49.00,16.00,-0.09%,43.04,SEDG,"546,447","600,295"
1.35,-0.88,2.043B,"Insight Enterprises, Inc.",58.50,12.55,-1.52%,57.12,NSIT,"122,094","200,420"
1.71,-0.27,2.069B,"Plantronics, Inc.",87.50,,-0.51%,52.41,PLT,"196,236","453,966"
1.88,-0.22,2.078B,Inphi Corporation,42.71,,-0.47%,46.70,IPHI,"381,862","637,795"
N/A,-0.33,2.085B,"Zuora, Inc.",27.14,,-1.69%,19.22,ZUO,1.328M,1.719M
0.13,-0.18,2.096B,"EVERTEC, Inc.",29.00,25.73,-0.60%,29.85,EVTC,"308,686","496,185"
N/A,+0.09,2.121B,Sogou Inc.,6.30,21.68,+1.69%,5.42,SOGO,"696,818","979,624"
1.08,0.00,2.164B,"Amkor Technology, Inc.",7.27,17.04,0.00%,9.03,AMKR,"630,384","907,919"
1.38,-1.02,2.186B,Workiva Inc.,46.20,,-2.03%,49.35,WK,"227,992","327,888"
1.64,+0.64,2.199B,"Advanced Energy Industries, Inc.",55.50,15.38,+1.13%,57.52,AEIS,"364,234","281,083"
0.95,-0.11,2.202B,Sanmina Corporation,36.33,23.04,-0.34%,32.18,SANM,"234,115","457,462"
0.38,-0.12,2.212B,Fabrinet,58.20,21.93,-0.20%,60.03,FN,"329,189","413,348"
N/A,+0.10,2.214B,SVMK Inc.,17.07,,+0.58%,17.48,SVMK,"535,768",1.594M
0.75,+0.15,2.215B,ManTech International Corporation,63.50,26.99,+0.27%,55.58,MANT,"85,304","133,733"
0.93,-0.81,2.217B,"Yext, Inc.",24.71,,-3.84%,20.29,YEXT,"953,244",1.093M
0.87,+0.13,2.243B,"Power Integrations, Inc.",60.80,33.28,+0.17%,77.22,POWI,"52,894","146,893"
N/A,0.00,2.26B,Qutoutiao Inc.,10.07,,0.00%,9.00,QTT,1.062M,2.024M
2.15,-0.11,2.281B,"Brooks Automation, Inc.",41.67,19.73,-0.35%,31.70,BRKS,"334,552","609,590"
0.99,+0.15,2.307B,"NetScout Systems, Inc.",28.00,,+0.51%,29.64,NTCT,"385,602","378,633"
2.59,+0.93,2.321B,Belden Inc.,N/A,25.63,+1.19%,78.94,BDC-PB,"8,016","29,356"
2.83,+0.56,2.324B,Belden Inc.,68.57,19.13,+0.96%,58.92,BDC,"218,356","470,391"
1.73,-0.75,2.35B,"Acacia Communications, Inc.",56.88,483.50,-1.28%,58.02,ACIA,"675,204","834,887"
N/A,-0.41,2.403B,"SailPoint Technologies Holdings, Inc.",33.69,678.75,-1.49%,27.15,SAIL,"776,707",1.036M
0.89,-0.12,2.549B,"Liberty Expedia Holdings, Inc.",51.00,,-0.27%,44.56,LEXEA,"581,165","484,856"
N/A,-0.06,2.598B,"Switch, Inc.",11.70,120.11,-0.56%,10.69,SWCH,"939,672",1.263M
1.56,-0.06,2.604B,II-VI Incorporated,48.72,24.02,-0.15%,41.08,IIVI,"406,560","725,388"
N/A,+0.08,2.606B,Altair Engineering Inc.,39.60,204.39,+0.22%,36.79,ALTR,"170,679","218,920"
1.01,-1.00,2.619B,"BlackLine, Inc.",53.67,,-2.06%,47.60,BL,"494,779","485,430"
1.77,+0.04,2.719B,"Box, Inc.",24.57,,+0.21%,18.84,BOX,1.964M,2.274M
N/A,+0.27,2.722B,"GreenSky, Inc.",14.17,37.33,+1.80%,15.23,GSKY,"892,350",1.066M
1.12,+0.35,2.79B,"Cirrus Logic, Inc.",44.00,30.82,+0.75%,47.18,CRUS,"490,607","650,059"
0.70,-0.22,2.812B,"Commvault Systems, Inc.",75.00,712.44,-0.36%,61.27,CVLT,"263,890","520,120"
0.83,+0.23,2.856B,Globant S.A.,73.78,55.74,+0.29%,78.60,GLOB,"191,702","212,583"
1.06,0.00,2.866B,Finisar Corporation,24.55,,0.00%,24.31,FNSR,1.393M,1.346M
0.89,-1.60,2.872B,Mimecast Limited,53.38,,-3.26%,47.53,MIME,"538,163","677,112"
N/A,-0.85,2.882B,"PagerDuty, Inc.",N/A,,-2.12%,39.15,PD,"600,770",2.725M
0.46,-0.13,2.893B,Viavi Solutions Inc.,13.90,,-1.01%,12.69,VIAV,1.728M,2.21M
N/A,-0.20,2.905B,"Cloudera, Inc.",18.24,,-1.82%,10.80,CLDR,3.386M,4.484M
1.09,-0.06,2.907B,The Descartes Systems Group Inc,38.74,94.27,-0.16%,37.71,DSGX,"61,969","112,587"
1.74,-0.29,2.941B,"Omnicell, Inc.",79.75,76.75,-0.40%,71.38,OMCL,"448,676","342,603"
1.54,+0.09,2.954B,"Vishay Intertechnology, Inc.",21.00,9.14,+0.44%,20.47,VSH,1.384M,1.221M
0.50,+0.35,2.953B,Yelp Inc.,39.32,58.06,+0.98%,36.00,YELP,"783,161",1.793M
1.60,-0.87,2.958B,Novanta Inc.,81.00,59.11,-1.02%,84.53,NOVT,"144,536","141,696"
1.53,-0.44,2.989B,"Q2 Holdings, Inc.",75.07,,-0.64%,68.59,QTWO,"200,545","337,558"
N/A,-0.23,3B,"Tenable Holdings, Inc.",37.86,,-0.73%,31.18,TENB,"374,034","747,706"
0.61,-0.16,3.079B,"FireEye, Inc.",20.15,,-1.03%,15.41,FEYE,3.178M,3.705M
1.10,+0.35,3.084B,EnerSys,100.00,15.64,+0.49%,71.64,ENS,"221,618","377,329"
1.56,-0.51,3.092B,"Cornerstone OnDemand, Inc.",63.33,,-0.97%,52.32,CSOD,"308,498","443,588"
3.16,-1.28,3.099B,Rogers Corporation,175.00,35.58,-0.76%,167.22,ROG,"169,800","140,811"
1.30,+0.20,3.157B,AVX Corporation,18.00,13.50,+1.08%,18.70,AVX,"304,942","235,798"
0.83,+0.38,3.197B,"Qualys, Inc.",89.23,59.26,+0.47%,81.19,QLYS,"319,381","401,274"
1.24,-0.46,3.234B,"Alarm.com Holdings, Inc.",64.55,156.12,-0.68%,67.13,ALRM,"232,005","496,138"
1.58,+0.55,3.259B,"Mercury Systems, Inc.",60.88,94.72,+0.82%,67.25,MRCY,"152,648","335,075"
0.50,+0.37,3.39B,"Energizer Holdings, Inc.",55.09,28.64,+0.77%,48.51,ENR,"310,067","739,688"
0.51,+0.69,3.386B,"Energizer Holdings, Inc.",N/A,60.95,+0.67%,103.25,ENR-PA,"8,803","11,344"
1.30,+0.49,3.397B,"Envestnet, Inc.",71.00,580.58,+0.71%,69.67,ENV,"211,846","275,393"
1.57,0.00,3.469B,"Ellie Mae, Inc.",98.23,157.13,0.00%,98.99,ELLI,3.116M,1.549M
N/A,-0.14,3.513B,Perspecta Inc.,26.00,28.79,-0.64%,21.74,PRSP,"623,056","742,040"
1.58,+0.21,3.52B,NCR Corporation,34.83,,+0.71%,29.59,NCR,"396,848","848,454"
1.74,-1.74,3.534B,"2U, Inc.",89.15,,-2.80%,60.45,TWOU,"815,634","581,159"
2.15,-0.34,3.612B,iRobot Corporation,111.67,41.96,-0.26%,128.82,IRBT,"448,539","802,879"
1.70,-0.31,3.613B,Semtech Corporation,58.18,58.97,-0.57%,54.25,SMTC,"317,495","760,870"
N/A,-0.31,3.635B,"Covetrus, Inc.",40.67,23.32,-0.94%,32.65,CVET,"686,882",2.034M
2.10,+1.74,3.652B,"Teladoc Health, Inc.",82.29,,+3.49%,51.60,TDOC,2.148M,1.51M
1.23,+0.86,3.67B,Cabot Microelectronics Corporation,132.00,26.94,+0.68%,126.74,CCMP,"253,053","278,993"
1.73,+0.23,3.701B,"Manhattan Associates, Inc.",55.00,36.27,+0.40%,57.30,MANH,"312,429","397,456"
1.59,+0.72,3.736B,"Blackbaud, Inc.",76.50,84.91,+0.92%,78.97,BLKB,"273,728","314,145"
1.11,-0.42,3.802B,EchoStar Corporation,63.00,,-1.04%,39.88,SATS,"387,590","395,467"
2.93,0.00,3.806B,"Coherent, Inc.",174.73,16.05,0.00%,156.47,COHR,"290,224","377,203"
N/A,-0.26,3.807B,"Avalara, Inc.",53.67,,-0.47%,54.80,AVLR,"267,762","957,470"
2.01,+0.78,3.832B,"LiveRamp Holdings, Inc.",55.11,4.02,+1.41%,55.93,RAMP,"365,278","806,654"
0.90,+0.26,3.945B,"ACI Worldwide, Inc.",39.00,57.58,+0.77%,33.97,ACIW,"469,726","713,682"
0.92,+0.38,3.958B,Verint Systems Inc.,64.67,60.59,+0.63%,60.59,VRNT,"655,801","499,183"
1.06,+0.91,4.019B,Silicon Laboratories Inc.,90.88,48.82,+0.99%,92.75,SLAB,"214,547","334,387"
N/A,-0.11,4.028B,"CarGurus, Inc.",51.20,63.68,-0.30%,36.30,CARG,1.52M,"783,240"
1.61,+2.10,4.041B,"HealthEquity, Inc.",87.73,55.29,+3.36%,64.69,HQY,1.126M,"833,508"
0.95,+0.82,4.101B,"LogMeIn, Inc.",92.20,57.77,+1.01%,82.04,LOGM,1.08M,"823,904"
0.44,+0.31,4.137B,"Premier, Inc.",43.72,,+0.98%,31.97,PINC,1.164M,"806,659"
0.76,+0.02,601.245M,"MobileIron, Inc.",6.00,,+0.36%,5.63,MOBL,"228,851","737,140"
1.73,-0.24,605.315M,"Cohu, Inc.",22.50,,-1.59%,14.83,COHU,"226,482","280,580"
1.65,-0.13,607.63M,Veeco Instruments Inc.,14.75,,-1.02%,12.65,VECO,"175,197","327,516"
N/A,-0.32,623.192M,"i3 Verticals, Inc.",26.80,172.92,-1.33%,23.69,IIIV,"48,148","92,103"
0.77,-0.07,628.943M,"Photronics, Inc.",13.50,16.12,-0.74%,9.38,PLAB,"221,716","651,580"
0.44,-0.39,629.85M,ChipMOS TECHNOLOGIES INC.,20.00,41.45,-2.19%,17.41,IMOS,"7,730","14,216"
-0.11,-0.01,656.958M,"QuinStreet, Inc.",19.65,9.68,-0.08%,13.19,QNST,"344,788","858,054"
1.42,-0.05,656.994M,"TrueCar, Inc.",8.95,,-0.79%,6.25,TRUE,"580,320",1.006M
1.08,-0.12,658.658M,"Vivint Solar, Inc.",8.15,,-2.14%,5.48,VSLR,"427,505","648,274"
1.07,-0.16,711.355M,"Axcelis Technologies, Inc.",27.00,16.05,-0.73%,21.67,ACLS,"63,642","206,401"
N/A,-0.47,714.576M,Tufin Ltd.,N/A,,-2.09%,22.03,TUFN,"383,960",2.111M
1.07,-2.38,722.077M,Formula Systems (1985) Ltd.,N/A,22.35,-4.76%,47.61,FORTY,242,175
2.98,0.00,746.284M,"JinkoSolar Holding Co., Ltd.",16.47,14.79,0.00%,19.03,JKS,"494,989",1.143M
N/A,-0.07,757.237M,Huami Corporation,18.08,18.11,-0.56%,12.53,HMI,"82,590","267,050"
1.00,+0.31,756.641M,"Rudolph Technologies, Inc.",26.40,17.47,+1.28%,24.46,RTEC,"183,842","156,958"
N/A,-0.13,722.909M,CooTek (Cayman) Inc.,11.88,75.80,-1.13%,11.37,CTK,"9,715","92,374"
1.43,-0.57,782.408M,Nanometrics Incorporated,35.00,13.63,-1.76%,31.89,NANO,"99,094","196,175"
0.43,+0.01,788.359M,Ituran Location and Control Ltd.,41.00,12.07,+0.03%,36.94,ITRN,"68,635","46,830"
1.81,+2.04,792.62M,"ADTRAN, Inc.",15.25,,+14.02%,16.59,ADTN,2.003M,"365,724"
N/A,+0.01,797.055M,"Casa Systems, Inc.",12.67,12.05,+0.11%,9.52,CASA,1.166M,"510,732"
1.22,-0.04,801.791M,Nova Measuring Instruments Ltd.,31.33,15.20,-0.14%,28.72,NVMI,"97,045","86,422"
0.23,-0.09,803.71M,Changyou.com Limited,19.27,9.80,-0.58%,15.49,CYOU,"75,642","168,169"
1.01,-0.07,818.508M,Monotype Imaging Holdings Inc.,25.33,71.15,-0.34%,20.35,TYPE,"167,567","266,903"
1.19,-0.10,833.071M,QAD Inc.,52.00,64.29,-0.32%,31.50,QADB,10,"1,062"
1.35,-0.01,842.046M,QAD Inc.,52.00,92.06,-0.02%,45.11,QADA,"85,928","56,546"
0.32,-0.26,862.286M,"Mesa Laboratories, Inc.",246.00,85.60,-0.12%,222.90,MLAB,"31,842","25,364"
1.54,-0.20,863.663M,Cheetah Mobile Inc.,6.65,4.01,-3.14%,6.16,CMCM,"702,153","502,379"
1.19,-0.22,872.17M,"21Vianet Group, Inc.",15.86,10.13,-2.76%,7.76,VNET,"293,609","519,280"
0.50,+0.16,877.399M,"HealthStream, Inc.",29.25,27.17,+0.59%,27.09,HSTM,"77,802","103,954"
0.96,-0.47,884.283M,Internet Initiative Japan Inc.,12.50,17.42,-4.57%,9.81,IIJI,"15,202","4,800"
N/A,-0.24,893.307M,"Carbon Black, Inc.",18.50,,-1.87%,12.62,CBLK,"502,444",1.253M
-1.09,-0.09,895.198M,Materialise NV,19.06,176.19,-0.52%,17.09,MTLS,"43,652","123,729"
N/A,+0.20,899.246M,"nLIGHT, Inc.",23.11,76.47,+0.82%,24.47,LASR,"168,150","449,391"
0.70,-0.05,900.008M,"GoPro, Inc.",6.25,,-0.78%,6.38,GPRO,2.579M,3.66M
0.39,+0.11,902.273M,"Vocera Communications, Inc.",36.36,,+0.38%,29.29,VCRA,"472,267","497,603"
1.55,0.00,904.89M,"Extreme Networks, Inc.",10.00,,0.00%,7.75,EXTR,"903,241",1.465M
1.30,+0.02,909.979M,"Endurance International Group Holdings, Inc.",8.42,210.67,+0.32%,6.32,EIGI,"481,685","550,288"
1.06,+0.06,932.571M,"Quantenna Communications, Inc.",24.14,303.50,+0.25%,24.28,QTNA,"347,109",1.17M
0.99,+0.14,936.859M,"Perficient, Inc.",33.50,38.68,+0.50%,28.24,PRFT,"160,683","217,241"
1.28,-0.09,940.386M,"PC Connection, Inc.",39.45,14.80,-0.25%,35.68,CNXN,"44,493","70,033"
N/A,-0.35,955.094M,Opera Limited,9.25,25.77,-3.88%,8.66,OPRA,"109,531","138,211"
3.52,+0.13,973.885M,"Diebold Nixdorf, Incorporated",12.00,,+1.03%,12.72,DBD,1.007M,2.203M
1.87,+0.33,982.386M,"FARO Technologies, Inc.",57.00,197.02,+0.58%,56.94,FARO,"61,977","92,491"
0.71,-0.16,987.996M,"ScanSource, Inc.",47.67,17.87,-0.41%,38.44,SCSC,"46,665","107,156"
1.77,+0.45,997.164M,MTS Systems Corporation,56.50,27.81,+0.81%,55.70,MTSC,"24,852","89,320"
1.74,-0.12,1.009B,KEMET Corporation,26.00,8.94,-0.68%,17.46,KEM,"473,156",1.198M
-0.75,-0.24,1.031B,Bitauto Holdings Limited,20.06,,-1.63%,14.44,BITA,"366,930","758,700"
1.62,+0.42,1.043B,CTS Corporation,31.00,22.83,+1.34%,31.74,CTS,"91,210","146,119"
N/A,+2.03,1.056B,"Viomi Technology Co., Ltd",11.23,,+15.36%,15.25,VIOT,"563,320","105,412"
N/A,0.00,1.058B,Cango Inc.,11.64,47.95,0.00%,7.00,CANG,286,"2,583"
2.23,-0.08,1.058B,SunPower Corporation,6.74,,-1.07%,7.43,SPWR,"705,510",1.766M
0.05,+0.12,1.069B,"Liberty TripAdvisor Holdings, Inc.",13.60,,+0.85%,14.23,LTRPA,"319,393","368,138"
1.59,-0.23,1.073B,"NETGEAR, Inc.",49.67,,-0.67%,34.05,NTGR,"141,556","399,520"
3.12,-0.14,1.073B,"MACOM Technology Solutions Holdings, Inc.",18.18,,-0.85%,16.41,MTSI,"500,027","565,598"
1.55,+0.01,1.087B,"NextGen Healthcare, Inc.",18.71,113.51,+0.06%,16.80,NXGN,"214,816","214,929"
1.32,+0.53,1.092B,"Evolent Health, Inc.",21.65,,+4.17%,13.23,EVH,1.34M,1.508M
0.49,-0.17,1.096B,R1 RCM Inc.,14.17,,-1.67%,10.04,RCM,"653,299","969,975"
1.73,+0.15,1.106B,"Methode Electronics, Inc.",40.67,10.63,+0.50%,29.90,MEI,"172,005","244,332"
1.82,-0.13,1.114B,Canadian Solar Inc.,22.72,4.90,-0.68%,19.01,CSIQ,"612,095","969,445"
1.16,-0.32,1.114B,Cray Inc.,32.00,,-1.16%,27.26,CRAY,"123,450","326,437"
0.67,-0.13,1.13B,TiVo Corporation,24.00,,-1.42%,9.05,TIVO,"808,823","757,001"
1.37,+0.03,1.145B,NIC Inc.,18.75,19.56,+0.18%,16.96,EGOV,"219,703","421,725"
0.76,-0.09,1.166B,Celestica Inc.,10.36,12.50,-1.02%,8.75,CLS,"162,689","427,854"
0.82,+0.35,1.175B,Loral Space & Communications Inc.,89.00,123.34,+0.93%,37.99,LORL,"18,852","56,240"
0.94,-0.19,1.178B,"Sykes Enterprises, Incorporated",32.75,23.81,-0.68%,27.62,SYKE,"99,963","155,603"
N/A,+0.09,1.189B,"Sonos, Inc.",16.17,46.76,+0.77%,11.83,SONO,"849,602",1.614M
1.07,-0.24,1.191B,"Benchmark Electronics, Inc.",34.00,60.31,-0.81%,29.55,BHE,"208,991","403,222"
1.39,-0.31,1.191B,"Presidio, Inc.",18.40,38.56,-2.10%,14.42,PSDO,"230,590","527,562"
0.76,-0.11,1.226B,Radware Ltd.,30.50,104.40,-0.42%,26.10,RDWR,"97,783","230,764"
-0.38,-0.49,1.238B,Xperi Corporation,32.67,,-1.91%,25.21,XPER,"233,998","493,800"
1.35,+0.41,1.248B,ePlus inc.,91.33,21.94,+0.45%,91.68,PLUS,"29,515","63,000"
-0.27,+0.62,1.261B,Vicor Corporation,36.00,40.21,+2.02%,31.36,VICR,"116,086","215,895"
2.43,-0.11,1.271B,3D Systems Corporation,12.67,,-1.00%,10.89,DDD,"784,437",1.504M
0.89,-0.23,1.271B,Encore Wire Corporation,65.00,16.27,-0.38%,60.84,WIRE,"57,096","93,261"
2.32,-0.25,1.285B,Stratasys Ltd.,23.67,,-1.04%,23.81,SSYS,"302,940","595,501"
1.35,+0.15,1.308B,Rambus Inc.,12.00,,+1.28%,11.89,RMBS,"715,591",1.22M
0.83,-0.52,1.312B,Synaptics Incorporated,43.44,953.75,-1.34%,38.15,SYNA,"445,694","682,583"
0.68,0.00,1.362B,"Fitbit, Inc.",6.36,,0.00%,5.38,FIT,3.579M,4.862M
1.28,-0.02,1.363B,"FormFactor, Inc.",17.75,13.26,-0.11%,18.30,FORM,"382,289","358,932"
0.61,-0.13,1.392B,Stamps.com Inc.,115.20,8.83,-0.16%,79.40,STMP,"540,905",1.046M
-0.17,+0.07,1.409B,Criteo S.A.,31.26,16.77,+0.32%,21.97,CRTO,"400,025","610,612"
1.08,-0.64,1.413B,"CSG Systems International, Inc.",49.25,21.80,-1.44%,43.81,CSGS,"133,323","164,280"
2.28,+0.09,1.431B,"TTM Technologies, Inc.",18.00,9.83,+0.67%,13.61,TTMI,"704,423","924,630"
2.09,-0.37,1.451B,"Ebix, Inc.",95.00,16.10,-0.77%,47.50,EBIX,"345,715","320,246"
1.10,-0.95,1.499B,SecureWorks Corp.,15.90,,-4.90%,18.44,SCWX,1.341M,"295,348"
0.45,-1.63,1.505B,MicroStrategy Incorporated,154.00,74.36,-1.10%,146.48,MSTR,"80,790","110,209"
N/A,+2.10,1.487B,Endava plc,"2,446.30",71.60,+7.53%,30.00,DAVA,2.021M,"47,641"
N/A,-2.22,1.529B,Arco Platform Limited,30.87,596.67,-6.80%,30.43,ARCE,"31,007","64,422"
0.58,+0.20,1.532B,Glu Mobile Inc.,10.54,,+1.92%,10.63,GLUU,2.171M,2.288M
1.52,0.00,1.543B,Silicon Motion Technology Corporation,43.10,15.35,0.00%,42.73,SIMO,"192,732","345,016"
N/A,+0.12,1.561B,Bandwidth Inc.,66.67,79.91,+0.18%,67.92,BAND,"88,123","174,388"
0.78,-0.35,1.563B,"OSI Systems, Inc.",96.40,44.20,-0.40%,86.50,OSIS,"94,645","158,348"
1.54,+0.08,1.568B,"Allscripts Healthcare Solutions, Inc.",12.28,4.57,+0.85%,9.44,MDRX,1.321M,2.344M
1.38,-0.53,1.577B,Virtusa Corporation,63.83,250.95,-1.00%,52.70,VRTU,"103,259","114,401"
1.06,-0.59,1.592B,"Ambarella, Inc.",46.78,,-1.20%,48.64,AMBA,"645,723","494,570"
1.10,+0.13,1.594B,"Electronics for Imaging, Inc.",37.60,,+0.35%,37.51,EFII,"575,501","766,583"
1.28,-0.28,1.607B,"Kulicke and Soffa Industries, Inc.",27.90,12.67,-1.14%,24.29,KLIC,"262,145","439,509"
1.23,-0.95,1.622B,"Shutterstock, Inc.",40.33,30.02,-2.01%,46.23,SSTK,"158,947","224,990"
1.15,-0.16,1.631B,"Badger Meter, Inc.",55.40,58.95,-0.28%,56.00,BMI,"205,034","131,117"
1.18,+0.05,74.246M,"Aviat Networks, Inc.",N/A,,+0.36%,13.80,AVNW,"6,522","10,685"
-0.12,+0.10,78.453M,"Richardson Electronics, Ltd.",N/A,101.86,+1.61%,6.01,RELL,"68,469","33,093"
0.37,+0.17,92.195M,"PCTEL, Inc.",4.75,,+3.35%,5.24,PCTI,"43,562","39,838"
1.92,-0.07,94.329M,"Amtech Systems, Inc.",6.25,,-1.04%,6.63,ASYS,"57,253","74,020"
1.03,-0.32,163.149M,Travelzoo,10.00,37.16,-2.27%,13.75,TZOO,"52,863","97,664"
1.65,+0.01,165.705M,TESSCO Technologies Incorporated,20.00,27.19,+0.05%,19.58,TESS,"15,806","37,329"
1.17,+0.10,177.263M,"KVH Industries, Inc.",15.50,,+1.01%,9.99,KVHI,"13,065","32,954"
2.02,+0.11,178.116M,"GSI Technology, Inc.",8.00,336.67,+1.38%,8.08,GSIT,"19,021","41,869"
1.97,+0.01,198.413M,"RigNet, Inc.",18.00,,+0.10%,10.19,RNET,"23,090","40,427"
0.07,-0.20,217.516M,"Synchronoss Technologies, Inc.",7.00,,-3.55%,5.44,SNCR,"462,712","286,161"
1.67,-0.32,222.958M,Leaf Group Ltd.,13.00,,-3.54%,8.73,LEAF,"25,182","37,209"
0.12,-0.31,242.935M,"Amber Road, Inc.",14.00,,-3.50%,8.55,AMBR,"53,039","88,453"
0.86,-0.19,272.217M,"Hurco Companies, Inc.",38.00,10.92,-0.47%,40.28,HURC,"11,684","23,482"
0.59,+0.20,272.636M,Allot Ltd.,9.00,,+2.56%,8.01,ALLT,"50,272","173,975"
0.94,-0.29,277.343M,"Telenav, Inc.",9.83,,-4.55%,6.09,TNAV,"251,124","197,827"
1.08,-0.02,283.862M,Immersion Corporation,10.75,5.32,-0.22%,9.20,IMMR,"141,204","297,041"
1.81,+0.13,285.004M,MagnaChip Semiconductor Corporation,10.10,,+1.58%,8.36,MX,"240,531","303,450"
1.45,+0.26,287.894M,Preformed Line Products Company,N/A,10.92,+0.46%,56.87,PLPC,"7,174","14,096"
0.95,+0.63,291.283M,Silicom Ltd.,50.00,20.19,+1.66%,38.61,SILC,"33,585","30,506"
2.30,-1.29,301.344M,Bel Fuse Inc.,N/A,12.69,-5.61%,21.70,BELFA,450,606
N/A,-0.27,306.737M,Hamilton Beach Brands Holding Company,20.00,13.94,-1.20%,22.16,HBB,"19,896","37,574"
2.40,+0.15,307.54M,"Telaria, Inc.",7.56,,+2.27%,6.75,TLRA,"280,686","779,585"
1.74,+0.05,307.701M,Bel Fuse Inc.,30.00,15.04,+0.19%,25.72,BELFB,"9,131","25,225"
1.21,-0.01,312.452M,NeoPhotonics Corporation,10.22,,-0.15%,6.73,NPTN,"381,110","760,756"
1.21,-0.25,313.362M,Alpha and Omega Semiconductor Limited,14.00,88.45,-1.87%,13.09,AOSL,"44,917","91,051"
1.70,-0.12,314.288M,"the Rubicon Project, Inc.",7.50,,-1.93%,6.09,RUBI,"737,935","686,282"
0.25,+0.09,317.43M,Brightcove Inc.,12.25,,+1.08%,8.39,BCOV,"68,437","114,775"
-0.06,-0.06,317.725M,ChannelAdvisor Corporation,16.00,,-0.52%,11.43,ECOM,"64,376","102,300"
1.93,-0.42,325.087M,"Avid Technology, Inc.",5.33,,-5.15%,7.74,AVID,"647,833","382,227"
2.58,-0.12,327.791M,Digimarc Corporation,37.25,,-0.44%,28.00,DMRC,"93,969","92,001"
1.31,-0.05,329.337M,Park Electrochemical Corp.,26.00,11.95,-0.31%,16.24,PKE,"54,645","165,637"
0.89,+0.18,336.219M,"DSP Group, Inc.",15.40,,+1.23%,14.86,DSPG,"37,823","110,340"
N/A,-0.24,336.618M,Aquantia Corp.,12.33,,-2.45%,9.57,AQ,"110,513","319,141"
0.90,+0.01,340.745M,"Daktronics, Inc.",9.50,57.79,+0.13%,7.57,DAKT,"69,826","132,095"
1.84,-0.10,345.938M,Digi International Inc.,17.29,32.72,-0.79%,12.50,DGII,"66,690","187,929"
-0.18,-0.19,358M,PAR Technology Corporation,31.00,,-0.85%,22.04,PAR,"124,162","157,187"
0.37,+0.15,368.124M,MiX Telematics Limited,27.21,26.21,+0.92%,16.38,MIXT,"84,072","89,161"
0.92,-0.15,370.48M,"Calix, Inc.",11.00,,-2.15%,6.84,CALX,"412,103","440,185"
1.53,+0.01,390.805M,The KeyW Holding Corporation,10.00,,+0.13%,7.86,KEYW,"200,612","293,517"
0.64,-0.03,396.53M,"American Software, Inc.",11.50,63.38,-0.23%,12.74,AMSWA,"55,077","78,050"
0.70,-0.32,397.044M,Zix Corporation,11.00,25.76,-4.11%,7.47,ZIXI,"689,948","614,764"
0.71,+0.26,406.514M,"Computer Programs and Systems, Inc.",32.88,23.35,+0.89%,29.33,CPSI,"83,921","138,404"
1.03,-0.29,409.751M,"Kimball Electronics, Inc.",17.00,14.89,-1.78%,16.04,KE,"25,730","74,433"
1.98,-0.08,417.265M,CalAmp Corp.,17.78,197.35,-0.59%,13.42,CAMP,"134,891","249,353"
2.25,+0.05,426.015M,"Impinj, Inc.",26.00,,+0.25%,19.82,PI,"226,539","206,788"
1.32,-0.30,430.263M,"PDF Solutions, Inc.",13.75,,-2.22%,13.20,PDFS,"193,387","128,525"
1.34,-0.41,436.841M,"Agilysys, Inc.",25.50,,-2.12%,18.95,AGYS,"96,083","96,572"
0.93,0.00,449.797M,Magic Software Enterprises Ltd.,10.50,23.59,0.00%,9.20,MGIC,"11,788","27,698"
2.09,-0.05,456.628M,"Sierra Wireless, Inc.",15.14,,-0.39%,12.64,SWIR,"153,801","343,127"
1.08,+0.48,461.644M,AudioCodes Ltd.,16.00,35.60,+3.09%,16.02,AUDC,"185,166","242,422"
2.10,+0.03,461.8M,Control4 Corporation,27.44,10.84,+0.17%,17.35,CTRL,"122,068","378,080"
2.83,-0.17,479.82M,Daqo New Energy Corp.,51.67,12.60,-0.45%,37.30,DQ,"220,733","360,664"
1.68,-0.12,483.407M,"Ultra Clean Holdings, Inc.",15.40,13.15,-0.96%,12.36,UCTT,"255,681","583,851"
0.25,+0.15,485.581M,Gilat Satellite Networks Ltd.,5.50,26.64,+1.74%,8.79,GILT,"12,781","21,027"
1.15,-0.29,495.778M,"Care.com, Inc.",26.33,11.94,-1.85%,15.40,CRCM,"336,873","386,625"
1.13,-0.16,504.118M,"Vishay Precision Group, Inc.",50.50,21.36,-0.43%,37.31,VPG,"23,228","45,530"
0.80,-0.02,501.921M,Harmonic Inc.,5.88,,-0.35%,5.66,HLIT,"211,337","381,917"
N/A,+0.37,509.903M,"SMART Global Holdings, Inc.",38.50,4.92,+1.69%,22.24,SGH,"401,646","611,624"
1.93,-0.70,511.966M,"CEVA, Inc.",35.50,896.15,-2.92%,23.30,CEVA,"328,380","131,240"
0.81,-0.02,515.599M,"A10 Networks, Inc.",9.00,,-0.29%,6.87,ATEN,"182,376","379,027"
1.68,-0.23,521.728M,Universal Electronics Inc.,45.00,44.34,-0.61%,37.69,UEIC,"101,436","145,195"
-0.04,+0.22,549.528M,Rosetta Stone Inc.,26.00,,+0.93%,23.76,RST,"125,782","208,229"
1.64,-0.06,560.584M,Unisys Corporation,16.00,8.36,-0.55%,10.83,UIS,"736,962","592,856"
0.37,-0.02,561.772M,"Model N, Inc.",22.88,,-0.11%,17.81,MODN,"105,906","171,767"
2.86,+0.16,566.187M,"Ichor Holdings, Ltd.",26.43,11.00,+0.64%,25.31,ICHR,"259,217","375,430"
0.67,-0.10,570.578M,Comtech Telecommunications Corp.,33.20,21.13,-0.42%,23.65,CMTL,"66,847","189,729"
1.03,+1.37,11.578B,PTC Inc.,104.56,194.81,+1.42%,97.60,PTC,1.008M,1.177M
1.35,+1.42,11.83B,"Ubiquiti Networks, Inc.",91.67,37.07,+0.85%,167.75,UBNT,"335,268","370,467"
1.11,-0.86,12.13B,Yandex N.V.,43.42,8.62,-2.25%,37.34,YNDX,3.345M,2.813M
0.18,-0.69,12.345B,"Akamai Technologies, Inc.",79.50,42.81,-0.91%,75.34,AKAM,"900,929",1.233M
0.79,-0.09,13.187B,"Citrix Systems, Inc.",112.07,25.41,-0.09%,100.11,CTXS,2.224M,2.323M
0.89,+1.12,13.408B,Autohome Inc.,97.66,34.34,+1.00%,113.26,ATHM,"745,408",1.029M
0.49,+0.77,14.012B,GoDaddy Inc.,87.43,173.93,+0.99%,78.27,GDDY,1.101M,1.58M
1.98,+0.21,14.102B,Seagate Technology plc,44.79,8.78,+0.42%,50.50,STX,1.736M,3.408M
1.65,+0.63,14.103B,"Gartner, Inc.",146.40,118.20,+0.40%,157.20,IT,"339,650","533,190"
1.33,-0.95,15.093B,Twilio Inc.,130.45,,-0.77%,122.13,TWLO,3.679M,4.127M
1.17,-0.08,15.417B,Snap Inc.,9.81,,-0.68%,11.67,SNAP,24.155M,28.099M
1.16,+0.20,15.419B,CDW Corporation,104.33,25.15,+0.19%,105.39,CDW,"504,702","801,133"
1.05,-1.29,15.541B,"Fortinet, Inc.",88.22,47.69,-1.40%,91.08,FTNT,2.209M,1.876M
0.68,-1.18,15.57B,"Skyworks Solutions, Inc.",92.58,14.41,-1.29%,90.00,SWKS,1.531M,1.863M
0.96,-0.07,15.597B,Symantec Corporation,23.63,,-0.29%,24.40,SYMC,4.093M,5.172M
1.64,-0.50,15.65B,"ANSYS, Inc.",193.33,38.24,-0.27%,186.59,ANSS,"289,496","401,608"
1.38,+0.35,15.923B,Weibo Corporation,71.86,28.37,+0.49%,71.50,WB,"908,537",2.339M
1.72,+0.94,16.11B,Western Digital Corporation,58.52,20.26,+1.73%,55.39,WDC,5.652M,7.16M
1.46,+0.24,16.224B,"SS&C Technologies Holdings, Inc.",69.79,151.80,+0.38%,64.21,SSNC,1.359M,1.668M
1.30,+0.20,16.341B,"Maxim Integrated Products, Inc.",55.06,23.59,+0.34%,59.77,MXIM,"799,431",1.981M
1.32,-0.02,16.379B,Marvell Technology Group Ltd.,23.41,,-0.08%,24.85,MRVL,14.937M,13.139M
1.24,+0.34,16.394B,Garmin Ltd.,76.00,23.64,+0.39%,86.53,GRMN,"891,627",1.238M
0.40,+0.50,16.456B,"Match Group, Inc.",58.24,36.73,+0.85%,59.10,MTCH,"912,251",1.732M
N/A,+0.30,16.819B,"iQIYI, Inc.",27.12,21.88,+1.29%,23.19,IQ,5.118M,10.504M
1.14,+1.54,16.889B,"Keysight Technologies, Inc.",95.00,93.49,+1.74%,89.84,KEYS,1.29M,1.803M
1.70,-0.62,17.325B,DXC Technology Company,85.82,11.98,-0.95%,64.58,DXC,1.344M,1.98M
1.35,-0.06,17.359B,"Synopsys, Inc.",123.74,30.32,-0.05%,115.98,SNPS,1.044M,1.166M
1.14,-0.60,17.819B,"Cadence Design Systems, Inc.",59.16,51.52,-0.94%,63.37,CDNS,3.022M,2.013M
0.91,+2.97,18.438B,IAC/InterActiveCorp,259.82,33.39,+1.37%,220.02,IAC,"612,563","728,191"
1.66,-0.99,18.718B,Veeva Systems Inc.,129.19,86.96,-0.77%,127.83,VEEV,1.416M,1.298M
0.70,-9.54,18.744B,Check Point Software Technologies Ltd.,121.33,23.30,-7.37%,119.99,CHKP,5.043M,"948,116"
1.32,+0.02,19.187B,"NetApp, Inc.",79.26,20.57,+0.03%,77.69,NTAP,1.345M,2.782M
1.66,-0.83,19.221B,Splunk Inc.,152.03,,-0.64%,128.08,SPLK,1.155M,1.68M
0.65,+0.38,19.383B,CGI Inc.,58.67,23.89,+0.54%,70.93,GIB,"132,688","166,835"
1.30,-0.51,19.519B,Harris Corporation,184.27,23.14,-0.31%,165.65,HRS,"456,546","911,724"
N/A,-1.15,19.697B,"Lyft, Inc.",74.00,,-1.93%,58.36,LYFT,6.729M,19.595M
1.39,+0.48,20.327B,KLA-Tencor Corporation,126.33,13.60,+0.39%,124.20,KLAC,"787,217",1.612M
0.95,+0.31,20.341B,Cerner Corporation,66.89,33.18,+0.50%,62.71,CERN,2.422M,2.596M
0.87,+0.35,22.288B,"VeriSign, Inc.",202.50,39.29,+0.19%,186.65,VRSN,"401,388","597,669"
0.64,-3.97,22.481B,"Palo Alto Networks, Inc.",279.57,,-1.66%,235.46,PANW,1.038M,1.365M
1.19,+0.09,22.831B,Hewlett Packard Enterprise Company,17.41,38.21,+0.54%,16.66,HPE,8.838M,11.179M
1.32,-0.56,23.391B,Microchip Technology Incorporated,99.81,74.95,-0.56%,98.71,MCHP,2.043M,2.815M
0.91,-0.26,23.573B,"Motorola Solutions, Inc.",149.30,25.51,-0.18%,143.36,MSI,"591,867","968,877"
1.63,-9.25,24.415B,Atlassian Corporation Plc,116.53,,-8.32%,101.94,TEAM,7.539M,1.613M
1.79,-4.66,24.49B,"Arista Networks, Inc.",306.12,79.73,-1.42%,323.38,ANET,"672,650","860,593"
1.71,+3.67,24.605B,Shopify Inc.,188.80,,+1.69%,220.72,SHOP,1.276M,1.434M
N/A,+1.96,25.231B,Spotify Technology S.A.,163.68,,+1.42%,139.65,SPOT,1.091M,1.648M
-0.17,-0.08,26.339B,"Twitter, Inc.",33.56,22.05,-0.23%,34.40,TWTR,9.522M,17.462M
1.23,-0.06,27.365B,Corning Incorporated,36.39,30.76,-0.17%,34.85,GLW,2.703M,4.245M
1.48,+1.19,27.904B,Electronic Arts Inc.,102.48,20.28,+1.29%,93.14,EA,4.262M,7.55M
1.20,+2.38,29.341B,Fortive Corporation,N/A,133.00,+0.22%,"1,091.97",FTV-PA,"4,779","9,215"
1.19,-0.58,29.452B,NXP Semiconductors N.V.,103.16,14.97,-0.57%,100.59,NXPI,2.495M,3.779M
1.20,+0.89,29.652B,Fortive Corporation,83.77,10.78,+1.02%,88.50,FTV,1.253M,1.47M
3.19,-2.02,29.689B,"Square, Inc.",83.33,,-2.78%,70.74,SQ,11.449M,11.738M
1.41,-1.52,29.721B,Lam Research Corporation,200.47,11.46,-0.77%,194.77,LRCX,1.41M,2.531M
N/A,-0.35,29.798B,Tencent Music Entertainment Group,18.20,56.23,-1.88%,18.22,TME,3.392M,5.934M
4.05,+0.19,29.938B,"Advanced Micro Devices, Inc.",25.29,86.50,+0.69%,27.68,AMD,39.137M,77.336M
0.98,+0.41,30.25B,TE Connectivity Ltd.,90.21,10.90,+0.46%,89.43,TEL,"775,506",1.598M
0.90,+0.57,31.171B,Amphenol Corporation,105.00,27.16,+0.55%,104.57,APH,"923,365",1.131M
1.20,+0.02,31.467B,HP Inc.,23.79,7.88,+0.10%,20.52,HPQ,7.301M,12.272M
-0.29,-0.62,32.16B,"Red Hat, Inc.",185.41,78.09,-0.34%,181.94,RHT,1.659M,1.359M
-0.06,-0.01,32.228B,Nokia Corporation,7.07,,-0.17%,5.81,NOK,13.419M,26.823M
0.28,-0.28,33.1B,Telefonaktiebolaget LM Ericsson (publ),10.03,,-2.69%,10.11,ERIC,7.919M,6.243M
1.41,-0.87,34.164B,"Xilinx, Inc.",117.56,40.97,-0.64%,134.95,XLNX,3.277M,3.844M
0.79,+0.33,34.609B,"Activision Blizzard, Inc.",52.57,19.28,+0.73%,45.31,ATVI,4.541M,12.422M
0.32,-2.27,34.935B,"NetEase, Inc.",283.56,39.89,-0.85%,266.01,NTES,"463,960","732,325"
1.43,+1.17,37.145B,"Autodesk, Inc.",183.39,,+0.70%,169.20,ADSK,1.635M,1.853M
1.05,-0.81,41.028B,Cognizant Technology Solutions Corporation,82.30,19.82,-1.12%,71.34,CTSH,5.383M,3.359M
1.15,-3.19,41.698B,"Workday, Inc.",199.91,,-1.67%,187.83,WDAY,2.506M,1.823M
1.50,+0.06,41.726B,"Applied Materials, Inc.",47.40,11.19,+0.14%,43.95,AMAT,5.896M,10.508M
1.31,+0.39,42.279B,"Analog Devices, Inc.",114.53,27.73,+0.34%,114.79,ADI,2.053M,2.786M
0.97,+1.17,42.851B,"ServiceNow, Inc.",245.19,,+0.50%,237.40,NOW,2.587M,1.959M
N/A,+0.10,45.16B,Dell Technologies Inc.,66.10,,+0.16%,62.85,DELL,"906,410",2.408M
0.85,-0.02,45.764B,Infosys Limited,10.74,20.53,-0.19%,10.39,INFY,18.224M,8.372M
1.48,+0.25,48.03B,"Micron Technology, Inc.",46.47,3.96,+0.58%,43.40,MU,16.194M,32.209M
1.13,+0.69,59.748B,"Baidu, Inc.",215.66,13.33,+0.41%,171.02,BIDU,1.975M,3.112M
0.95,+0.12,60.27B,Sony Corporation,63.55,10.06,+0.25%,47.86,SNE,1.069M,1.603M
1.04,+1.50,66.781B,Intuit Inc.,252.29,54.20,+0.59%,257.77,INTU,1.371M,1.53M
0.87,-0.98,77.2B,"VMware, Inc.",183.08,32.15,-0.52%,188.09,VMW,1.124M,1.243M
1.32,+2.55,86.059B,ASML Holding N.V.,211.00,29.59,+1.25%,205.91,ASML,"975,462","755,609"
0.92,+0.81,96.692B,QUALCOMM Incorporated,68.48,51.08,+1.02%,79.89,QCOM,37.704M,17.745M
0.49,-0.07,263.127B,Intel Corporation,54.59,13.06,-0.12%,58.49,INTC,20.464M,22.876M
1.20,-0.50,509.098B,"Facebook, Inc.",197.14,23.55,-0.28%,178.28,FB,11.656M,18.421M
1.16,+0.03,860.95B,Alphabet Inc.,"1,352.50",28.29,+0.00%,"1,236.37",GOOG,1.031M,1.372M
1.19,+1.33,861.147B,Alphabet Inc.,"1,354.66",28.41,+0.11%,"1,241.47",GOOGL,1.238M,1.516M
1.01,+1.60,946.521B,Microsoft Corporation,129.25,28.62,+1.31%,123.37,MSFT,27.991M,25.905M
1.55,-0.06,16.43B,STMicroelectronics N.V.,17.73,13.18,-0.32%,18.58,STM,2.852M,3.066M
1.16,-0.20,3.888B,Tech Data Corporation,100.60,11.85,-0.19%,105.36,TECD,"222,899","386,900"
1.10,+0.15,8.321B,"Guidewire Software, Inc.",104.00,199.61,+0.15%,102.20,GWRE,"302,773","884,682"
2.26,0.00,5.845B,Flex Ltd.,13.10,43.12,0.00%,11.21,FLEX,5.442M,6.605M
